Title,Media URL,Pinterest board,Thumbnail,Description,Link,Publish date,Keywords
Five 5-Minute Plays: a free printable for ages 0–5,{{PIN_MEDIA_BASE_URL}}/free-01.jpg,Free Printables for Parents of Little Kids,,"A free printable with five little plays for babies, toddlers and little kids, using a blanket, a pot, some cups, a window and a sock. Each play grows with your child from birth to five, with a talk line and a safety line. Color and low-ink, US Letter and A4. Free with email sign-up (grown-ups only).",https://playbeforepixels.com/free/?src=pin,2026-10-16T12:15:00Z,"free printable, toddler activities, baby play ideas"
"74 toddler busy book activities, sorted by age (printable)",{{PIN_MEDIA_BASE_URL}}/busy-01.jpg,Toddler Busy Book Ideas,,"A printable toddler busy book with 74 activities in three age bands: 1–2, 2–3 and 3–5 years. First words, animal sounds, matching, colors, shapes, pretend play and mazes, with a talk line, an easier and a harder idea and a 2-minute version on every page. Color and low-ink, US Letter and A4.",{{ETSY_LISTING_URL:toddler-busy-book}},2026-10-16T17:15:00Z,"toddler busy book, busy binder printable, toddler activities"
Instant gift for toddlers: 4 printable play sets + play coupons,{{PIN_MEDIA_BASE_URL}}/gift-01.jpg,Toddler Gift Ideas: Printable & Instant,,"A last-minute gift for a toddler or little kid that arrives in seconds: a printable busy book, a family kit, “I’m bored” play cards, 52 play & talk cards and a free book of play coupons, for ages 1–5. Includes a fold card and reveal cards. Instant download, nothing ships.",{{ETSY_LISTING_URL:bundle-gift-1-5}},2026-10-17T00:15:00Z,"toddler gift, printable gift, instant download gift"
177 visual routine cards for ages 0–5 (toddler picture schedule),{{PIN_MEDIA_BASE_URL}}/routine-01.jpg,Toddler Routine & Picture Schedule,,"A printable toddler picture schedule: 177 routine cards for mornings, meals, play, outings and bedtime, with charts to put them in order and type-in blanks. Two copies of the busiest cards, word-free versions and blank cards. Color and low-ink, US Letter and A4.",{{ETSY_LISTING_URL:visual-routine-cards-0-5}},2026-10-17T12:15:00Z,"toddler routine, picture schedule, routine cards"
"100 screen-free plays for ages 0–5, sorted by age (printable PDF)",{{PIN_MEDIA_BASE_URL}}/plays-01.jpg,Screen-Free Play Ideas for Toddlers,,"100 easy screen-free plays for babies, toddlers and little kids in four age bands. Every play shows its starting age in months, prep, mess and play time, an easier and a harder idea, a talk line and a safety note. 89 plays need nothing to buy. Color and low-ink PDF.",{{ETSY_LISTING_URL:guide-100-plays}},2026-10-17T17:15:00Z,"screen free activities, toddler activities, baby play ideas"
76 “I’m bored” jar cards for toddlers and kids 1–5 (printable),{{PIN_MEDIA_BASE_URL}}/bored-01.jpg,I’m Bored Ideas for Kids 1–5,,"A printable “I’m bored” jar for ages 1–5: 76 play cards in two age bands (1–3 and 3–5), with a talk line, what you need and a safety line on each. Jar labels, card backs, blank cards and a weekly play plan. Color and low-ink, US Letter and A4.",{{ETSY_LISTING_URL:bored-play-cards-ages-1-5}},2026-10-18T00:15:00Z,"i am bored jar, toddler activities, indoor activities"
"5 no-prep plays with things you already have (free printable, ages 0–5)",{{PIN_MEDIA_BASE_URL}}/free-02.jpg,Screen-Free Play Ideas for Toddlers,,"Peekaboo with a blanket, a pots-and-spoons band, a cup tower to crash, a window walk and a sock friend who says hello. Five screen-free plays that need nothing new and about five minutes each, with ideas for every age from birth to five. Get the free printable with an email sign-up.",https://playbeforepixels.com/free/?src=pin,2026-10-18T12:15:00Z,"free printable, toddler activities, baby play ideas"
49 no-cut busy book pages for toddlers (print and play today),{{PIN_MEDIA_BASE_URL}}/busy-02.jpg,Toddler Busy Book Ideas,,"49 of the 74 activities in this printable toddler busy book need no cutting at all, so you can print and play the same day. First words, “who says moo?”, where’s your nose, uh-oh and more, each with a talk line and a safety note. Ages 1–5, color and low-ink.",{{ETSY_LISTING_URL:toddler-busy-book}},2026-10-18T17:15:00Z,"toddler busy book, busy binder printable, toddler activities"
Printable gift reveal cards for a toddler gift (instant download),{{PIN_MEDIA_BASE_URL}}/gift-02.jpg,Toddler Gift Ideas: Printable & Instant,,"Giving a printable? Print the fold card to write your message and a “Surprise! Inside is…” card that lists every play set. Part of the Ages 1–5 Instant Gift Bundle: four printable play sets and play coupons, with a license that passes to the family who receives it.",{{ETSY_LISTING_URL:bundle-gift-1-5}},2026-10-19T00:15:00Z,"toddler gift, printable gift, instant download gift"
Toddler morning routine cards and chart (printable),{{PIN_MEDIA_BASE_URL}}/routine-02.jpg,Morning & Bedtime Routines for Little Kids,,"Picture cards for a smoother morning with little ones: wake up, potty, wash face, brush teeth, get dressed, breakfast, shoes and coat on. Put them on the “Good morning!” chart and point to what comes next. Printable, ages 0–5, color and low-ink.",{{ETSY_LISTING_URL:visual-routine-cards-0-5}},2026-10-19T12:15:00Z,"toddler routine, picture schedule, routine cards"
5 bath-time plays for babies and toddlers,{{PIN_MEDIA_BASE_URL}}/plays-02.jpg,Screen-Free Play Ideas for Toddlers,,"Make bath time a play: pour and splash, sing “this is the way we wash our…”, wash the baby doll, guess float or sink and set up a pouring station. Water play is always supervised, with a grown-up in reach. From 100 Screen-Free Plays for ages 0–5.",{{ETSY_LISTING_URL:guide-100-plays}},2026-10-19T17:15:00Z,"screen free activities, toddler activities, baby play ideas"
8 play ideas for bored toddlers (ages 1–3),{{PIN_MEDIA_BASE_URL}}/bored-02.jpg,I’m Bored Ideas for Kids 1–5,,"When a toddler says (or shows) “I’m bored”: a pot-and-spoon band, a box car ride, tower and crash, pillow mountain, bubble chase, a teddy picnic, stop-and-go dance and fill and dump. From 38 printable play cards for ages 1–3, with a grown-up within reach.",{{ETSY_LISTING_URL:bored-play-cards-ages-1-5}},2026-10-20T00:15:00Z,"i am bored jar, toddler activities, indoor activities"
"One play, four ages: free printable play pages for 0–5",{{PIN_MEDIA_BASE_URL}}/free-03.jpg,Baby Play Ideas (0–12 Months),,"Each play in this free printable has a ladder of ideas for babies, 1-year-olds, 2-year-olds and 3–5-year-olds, so one page works for siblings too. With a talk line, a 1-minute version for tired days and a safety line. Free with email sign-up.",https://playbeforepixels.com/free/?src=pin,2026-10-20T12:15:00Z,"free printable, toddler activities, baby play ideas"
Repeat and add one word: a first-words busy book page,{{PIN_MEDIA_BASE_URL}}/busy-03.jpg,Talk While You Play,,"On the “ball” page, point, say the word and add one more: “Ball! Big ball. Roll, ball!” Every page of this printable toddler busy book has a talk line, an easier and a harder idea and a 2-minute version. 74 activities for ages 1–5.",{{ETSY_LISTING_URL:toddler-busy-book}},2026-10-20T17:15:00Z,"toddler busy book, busy binder printable, toddler activities"
What’s inside a printable play gift for ages 1–5,{{PIN_MEDIA_BASE_URL}}/gift-03.jpg,Toddler Gift Ideas: Printable & Instant,,"One instant download with four printable play sets for ages 1–5: a 74-activity toddler busy book, the Play-First Family Kit pages for ages 2–5, 76 “I’m bored” play cards and 52 play & talk cards, plus free play coupons. Every set in color and low-ink, US Letter and A4.",{{ETSY_LISTING_URL:bundle-gift-1-5}},2026-10-21T00:15:00Z,"toddler gift, printable gift, instant download gift"
Toddler bedtime routine cards and chart (printable),{{PIN_MEDIA_BASE_URL}}/routine-03.jpg,Morning & Bedtime Routines for Little Kids,,"A calmer wind-down with picture cards for bath time, pajamas, brush teeth, books, cuddle, lullaby and lights off, plus a “Good night” chart. Part of 177 printable routine cards for ages 0–5 with type-in blanks and word-free versions.",{{ETSY_LISTING_URL:visual-routine-cards-0-5}},2026-10-21T12:15:00Z,"toddler routine, picture schedule, routine cards"
Kitchen plays for babies and toddlers while you cook,{{PIN_MEDIA_BASE_URL}}/plays-03.jpg,Rainy Day & Indoor Activities for Kids,,"Plays for the kitchen while you cook: a kitchen dance party, a pots-and-lids band, pretend soup and a little salad helper. Every play has its own safety note. From 100 Screen-Free Plays for ages 0–5.",{{ETSY_LISTING_URL:guide-100-plays}},2026-10-21T17:15:00Z,"screen free activities, toddler activities, baby play ideas"
8 indoor play ideas for 3–5-year-olds on a rainy day,{{PIN_MEDIA_BASE_URL}}/bored-03.jpg,Rainy Day & Indoor Activities for Kids,,"Rainy-day ideas for ages 3–5: build a cushion fort, play the floor is lava, open a pretend café, tape a road for toy cars, tell a story from a bag, run a toy vet, test sink or float and start a kitchen band. From 38 printable “I’m bored” cards for ages 3–5.",{{ETSY_LISTING_URL:bored-play-cards-ages-1-5}},2026-10-22T00:15:00Z,"i am bored jar, toddler activities, indoor activities"
Play-First Family Kit for ages 2–5: 9 printable tools,{{PIN_MEDIA_BASE_URL}}/kit-01.jpg,Family Screen Time Plan & Play-First Ideas,,"A no-guilt family plan for ages 2–5: a picture checklist, little helping jobs, family play rules, a play and screen plan and a 30-day play tracker. Play and time together come first, and screens keep a steady spot in the day. Color and low-ink, US Letter and A4.",{{ETSY_LISTING_URL:play-first-family-kit-ages-2-5}},2026-10-22T12:15:00Z,"family screen time plan, toddler checklist, helping jobs"
52 printable play & talk cards for babies and toddlers (0–5),{{PIN_MEDIA_BASE_URL}}/talk-01.jpg,Talk While You Play,,"52 printable play cards for ages 0–5, one for every week of the year. Each card has a simple play, what you need, a talk tip and a safety line, sorted into four age bands. Print, cut and keep them in a box. Color and low-ink, US Letter and A4.",{{ETSY_LISTING_URL:play-talk-cards}},2026-10-22T17:15:00Z,"talk while you play, baby play ideas, toddler play cards"
60 visual routine cards for toddlers: a printable starter set,{{PIN_MEDIA_BASE_URL}}/starter-01.jpg,Toddler Routine & Picture Schedule,,"A small, simple start: 60 picture routine cards for the moments that matter most (morning, meals, play, outings and bedtime) and 3 charts to put them on. Editable blanks, color and low-ink, US Letter and A4.",{{ETSY_LISTING_URL:visual-routine-cards-starter}},2026-10-23T00:15:00Z,"toddler routine, morning routine, bedtime routine"
"Toddler picture checklist: jobs, play together, then screens",{{PIN_MEDIA_BASE_URL}}/kit-02.jpg,Family Screen Time Plan & Play-First Ideas,,"A picture checklist for ages 2–5: get dressed, brush teeth, tidy toys and a helping job, then play outside, read and play together. Screens have a fixed spot in the day and are never a prize. Printable and type-in, in four colors.",{{ETSY_LISTING_URL:play-first-family-kit-ages-2-5}},2026-10-23T12:15:00Z,"family screen time plan, toddler checklist, helping jobs"
6 easy ways to talk with your baby or toddler while you play,{{PIN_MEDIA_BASE_URL}}/talk-02.jpg,Talk While You Play,,"Pause and wait, say what you see, repeat and add one word, offer a choice, follow their lead, sing and gesture. Easy talk moves for everyday play with babies and toddlers, in the language you know best. Each of our 52 printable play cards uses one.",{{ETSY_LISTING_URL:play-talk-cards}},2026-10-23T17:15:00Z,"talk while you play, baby play ideas, toddler play cards"
Simple toddler morning chart with picture cards,{{PIN_MEDIA_BASE_URL}}/starter-02.jpg,Morning & Bedtime Routines for Little Kids,,"Put the morning in pictures: wake up, potty, wash face, brush teeth, get dressed, coat and shoes on, then a goodbye hug. Picture cards and a “Good morning!” chart from our 60-card printable routine starter set.",{{ETSY_LISTING_URL:visual-routine-cards-starter}},2026-10-24T00:15:00Z,"toddler routine, morning routine, bedtime routine"
Helping jobs for 2–5-year-olds (printable picture cards),{{PIN_MEDIA_BASE_URL}}/kit-03.jpg,Family Screen Time Plan & Play-First Ideas,,"Little jobs that little kids love: feed the pet, water the plants, match the socks, set the table, wipe a spill and carry a light bag. Picture cards and a blank chart to fill in your own. From the printable Play-First Family Kit for ages 2–5.",{{ETSY_LISTING_URL:play-first-family-kit-ages-2-5}},2026-10-24T12:15:00Z,"family screen time plan, toddler checklist, helping jobs"
"Baby play ideas for 0–12 months, with a talk tip for each",{{PIN_MEDIA_BASE_URL}}/talk-03.jpg,Baby Play Ideas (0–12 Months),,"Easy plays for a baby’s first year: copy cat faces, rock and stop, peekaboo with a cloth, a kitchen drum, bubble watching and roll it back. Each card has a talk tip and a safety line. From 52 printable Play & Talk Cards for ages 0–5.",{{ETSY_LISTING_URL:play-talk-cards}},2026-10-24T17:15:00Z,"talk while you play, baby play ideas, toddler play cards"
Bedtime and play picture cards for toddlers (starter set),{{PIN_MEDIA_BASE_URL}}/starter-03.jpg,Morning & Bedtime Routines for Little Kids,,"Bedtime and play picture cards for little kids: bath, towel dry, pajamas, brush teeth, lullaby, cuddle and lights off, plus play cards for the park, drawing and blocks. From a 60-card printable routine starter set.",{{ETSY_LISTING_URL:visual-routine-cards-starter}},2026-10-25T00:15:00Z,"toddler routine, morning routine, bedtime routine"
Sock Friend Says Hello: a free talk-and-play idea for ages 0–5,{{PIN_MEDIA_BASE_URL}}/free-04.jpg,Talk While You Play,,"Put a clean sock on your hand and let your sock friend say hello, then wait for any answer: a look, a sound or a word. One of five free plays for ages 0–5, each with a talk line. Talk in the language you know best. Free printable with email sign-up.",https://playbeforepixels.com/free/?src=pin,2026-10-25T12:15:00Z,"free printable, toddler activities, baby play ideas"
"Pretend play busy book pages: pizza shop, teddy’s lunch and more",{{PIN_MEDIA_BASE_URL}}/busy-04.jpg,Toddler Busy Book Ideas,,"Pretend play pages from a printable toddler busy book: make lunch for Teddy, dress for the weather and run a pizza shop. Big straight-cut pieces, 12 or fewer per sheet, and “grown-up keeps the pieces” on every piece sheet. 74 activities for ages 1–5.",{{ETSY_LISTING_URL:toddler-busy-book}},2026-10-25T17:15:00Z,"toddler busy book, busy binder printable, toddler activities"
Toddler gift idea: one download with 4 play sets and 16 play coupons,{{PIN_MEDIA_BASE_URL}}/gift-04.jpg,Toddler Gift Ideas: Printable & Instant,,"Need a toddler gift that does not add clutter? This instant download has 74 busy book activities, 76 “I’m bored” cards, 52 play & talk cards, family kit pages for ages 2–5 and 16 play coupons. Print at home or at a copy shop. Nothing ships.",{{ETSY_LISTING_URL:bundle-gift-1-5}},2026-10-26T00:15:00Z,"toddler gift, printable gift, instant download gift"
24 Days of Play: a printable winter countdown for ages 2–5,{{PIN_MEDIA_BASE_URL}}/winter-01.jpg,Winter Activities for Toddlers,,"A secular winter countdown with one play a day for ages 2–5: paper snowballs, penguin waddles, a pretend cocoa café, a flashlight shadow show and more. Tags for 24 envelopes, bags or jars, a countdown board and a certificate. Color and low-ink, US Letter and A4.",{{ETSY_LISTING_URL:winter-countdown}},2026-10-26T12:15:00Z,"winter activities, winter countdown, toddler activities"
Printable daily routine charts for toddlers and little kids,{{PIN_MEDIA_BASE_URL}}/routine-04.jpg,Toddler Routine & Picture Schedule,,"Put your picture cards in order on a daily chart, a morning chart, a bedtime chart or a steps strip, then move each card to the “All done” pocket. Printable and editable, in color and low-ink, US Letter and A4, for ages 0–5.",{{ETSY_LISTING_URL:visual-routine-cards-0-5}},2026-10-26T17:15:00Z,"toddler routine, picture schedule, routine cards"
Low-energy plays you can do from the couch (ages 0–5),{{PIN_MEDIA_BASE_URL}}/plays-04.jpg,Family Screen Time Plan & Play-First Ideas,,"For the days you have nothing left: chest chat, couch peekaboo, pat-a-cake, “I’m a mountain” and a ceiling story. Two-minute plays you can do sitting or lying down. 100 Screen-Free Plays has 12 of them, plus 100 more plays sorted by age.",{{ETSY_LISTING_URL:guide-100-plays}},2026-10-27T00:15:00Z,"screen free activities, toddler activities, baby play ideas"
Cozy indoor winter activities for toddlers and little kids,{{PIN_MEDIA_BASE_URL}}/winter-02.jpg,Winter Activities for Toddlers,,"Winter play for the days you stay in: a paper snowball toss, a penguin waddle, a pretend cocoa café, foggy window drawing, a flashlight shadow show and a cozy book nest. Ages 2–5, from our printable 24 Days of Play winter countdown.",{{ETSY_LISTING_URL:winter-countdown}},2026-10-27T12:15:00Z,"winter activities, winter countdown, toddler activities"
How to make an “I’m bored” jar for toddlers (printable labels),{{PIN_MEDIA_BASE_URL}}/bored-04.jpg,I’m Bored Ideas for Kids 1–5,,"Print the cards, cut on the straight lines, add a round jar label or a wrap label and fill the jar. Pull one card when someone is bored and play it together. 76 cards for ages 1–5 with printable jar labels and card backs.",{{ETSY_LISTING_URL:bored-play-cards-ages-1-5}},2026-10-27T17:15:00Z,"i am bored jar, toddler activities, indoor activities"
Printable family play rules poster (filled-in and blank),{{PIN_MEDIA_BASE_URL}}/kit-04.jpg,Family Screen Time Plan & Play-First Ideas,,"A family rules poster that adds play instead of taking things away: we play first, meals are for being together, screens have a spot in our day, grown-ups play too. Use the filled-in poster or write your own. From the Play-First Family Kit, ages 2–5.",{{ETSY_LISTING_URL:play-first-family-kit-ages-2-5}},2026-10-28T00:15:00Z,"family screen time plan, toddler checklist, helping jobs"
"A play-a-day winter countdown with envelopes, bags or jars",{{PIN_MEDIA_BASE_URL}}/winter-03.jpg,Winter Activities for Toddlers,,"Print the day tags, tape one on each envelope, bag or jar with that day’s play card inside, and color in the countdown board as you go. A secular winter countdown for ages 2–5 with 24 low-prep plays. Printable, color and low-ink.",{{ETSY_LISTING_URL:winter-countdown}},2026-10-28T12:15:00Z,"winter activities, winter countdown, toddler activities"
Peekaboo with a pause: a baby talk-and-play tip,{{PIN_MEDIA_BASE_URL}}/talk-04.jpg,Baby Play Ideas (0–12 Months),,"Hide behind a dish towel, then pause before “boo”. A kick, a grin or a squeal is your baby’s turn in the conversation. Put the towel away after play and never leave it in the crib. One of 52 printable Play & Talk Cards for ages 0–5.",{{ETSY_LISTING_URL:play-talk-cards}},2026-10-28T17:15:00Z,"talk while you play, baby play ideas, toddler play cards"
Pots-and-Spoons Band: a no-prep indoor play for ages 0–5,{{PIN_MEDIA_BASE_URL}}/free-05.jpg,Rainy Day & Indoor Activities for Kids,,"Turn a pot upside down, tap loud, then soft, and take turns copying each other. A cozy indoor play for rainy days with ideas for babies up to 5-year-olds, plus a 1-minute version. Cool, empty pots away from the stove. Part of a free printable (email sign-up).",https://playbeforepixels.com/free/?src=pin,2026-10-29T00:15:00Z,"free printable, toddler activities, baby play ideas"
24 low-prep winter play ideas for ages 2–5 (printable cards),{{PIN_MEDIA_BASE_URL}}/winter-04.jpg,Winter Activities for Toddlers,,"Every winter play card shows what you need, prep and play time, a talk line, an easier and a harder idea and a 2-minute version for tired days. 24 plays for ages 2–5, most with things you already have. Printable winter countdown.",{{ETSY_LISTING_URL:winter-countdown}},2026-10-29T12:15:00Z,"winter activities, winter countdown, toddler activities"
Toddler busy binder covers in 4 colors (type-in printable),{{PIN_MEDIA_BASE_URL}}/busy-05.jpg,Toddler Busy Book Ideas,,"Make a busy binder that feels like theirs: four binder covers in tomato, blue, green and purple that you can type into in a free PDF reader, plus spine and pouch labels. Part of a printable toddler busy book with 74 activities for ages 1–5.",{{ETSY_LISTING_URL:toddler-busy-book}},2026-10-29T17:15:00Z,"toddler busy book, busy binder printable, toddler activities"
A long-distance toddler gift: printable play sets you can send,{{PIN_MEDIA_BASE_URL}}/gift-05.jpg,Toddler Gift Ideas: Printable & Instant,,"For grandparents, aunts, uncles and friends far away: an instant-download gift of printable play sets for ages 1–5 with play coupons. Forward the download and the personal license passes to the family who receives it. No shipping, no wrapping.",{{ETSY_LISTING_URL:bundle-gift-1-5}},2026-10-30T00:15:00Z,"toddler gift, printable gift, instant download gift"
Feelings picture cards for toddlers (printable),{{PIN_MEDIA_BASE_URL}}/routine-05.jpg,Talk While You Play,,"Picture cards for everyday feelings like happy, sad, mad, tired, calm and proud, with a varied cast of faces. Point and name the feeling together. Part of 177 printable visual routine cards for ages 0–5.",{{ETSY_LISTING_URL:visual-routine-cards-0-5}},2026-10-30T12:15:00Z,"toddler routine, picture schedule, routine cards"
Screen-free plays for waiting rooms and car rides,{{PIN_MEDIA_BASE_URL}}/plays-05.jpg,Screen-Free Play Ideas for Toddlers,,"Nothing to pack: row, row, stop, animal sounds, a pretend phone call, finish the rhyme and I spy colors. No-prep plays for waiting rooms, lines and car rides with babies and toddlers. From 100 Screen-Free Plays for ages 0–5.",{{ETSY_LISTING_URL:guide-100-plays}},2026-10-30T17:15:00Z,"screen free activities, toddler activities, baby play ideas"
Printable play cards for ages 1–5 with a talk line on every card,{{PIN_MEDIA_BASE_URL}}/bored-05.jpg,I’m Bored Ideas for Kids 1–5,,"Every card shows the play, what you need, a “talk about it” line, an age label and a safety line, color-coded for ages 1–3 and 3–5 with a word label too. 76 printable “I’m bored” cards in color and low-ink, US Letter and A4.",{{ETSY_LISTING_URL:bored-play-cards-ages-1-5}},2026-10-31T00:15:00Z,"i am bored jar, toddler activities, indoor activities"
30 days of screen-free play ideas for ages 2–5 (printable tracker),{{PIN_MEDIA_BASE_URL}}/kit-05.jpg,Screen-Free Play Ideas for Toddlers,,"A month of easy plays for ages 2–5, one a day, with a tracker to color in as you go. From the printable Play-First Family Kit with picture checklists, helping jobs and family play rules.",{{ETSY_LISTING_URL:play-first-family-kit-ages-2-5}},2026-10-31T12:15:00Z,"family screen time plan, toddler checklist, helping jobs"
A year of play: 52 printable cards for ages 0–5,{{PIN_MEDIA_BASE_URL}}/talk-05.jpg,Talk While You Play,,"Pick one card a week and play it all week long. 52 printable play cards in four age bands (0–1, 1–2, 2–3, 3–5), each with a color and a word label, a talk tip and a safety line. Cut-out card sheets and no-cut pages. Color and low-ink.",{{ETSY_LISTING_URL:play-talk-cards}},2026-10-31T17:15:00Z,"talk while you play, baby play ideas, toddler play cards"
Winter play certificate for little kids (printable),{{PIN_MEDIA_BASE_URL}}/winter-05.jpg,Winter Activities for Toddlers,,"Finish the countdown with a certificate: “We played our way through winter!” with a snowflake to color for every play you did together. Part of 24 Days of Play, a printable secular winter countdown for ages 2–5.",{{ETSY_LISTING_URL:winter-countdown}},2026-11-01T00:15:00Z,"winter activities, winter countdown, toddler activities"
Peekaboo Blanket: a free baby play idea (with toddler versions),{{PIN_MEDIA_BASE_URL}}/free-06.jpg,Baby Play Ideas (0–12 Months),,"Hold up a blanket, say “Where did I go?”, wait, then “Peekaboo!” Babies love the surprise; toddlers can pull it off a toy; 3–5-year-olds can play hide-and-seek in one room. Blanket play is for awake time with you. Free printable with email sign-up.",https://playbeforepixels.com/free/?src=pin,2026-11-01T13:15:00Z,"free printable, toddler activities, baby play ideas"
"Busy book pages for 3–5-year-olds: mazes, pairs and patterns",{{PIN_MEDIA_BASE_URL}}/busy-06.jpg,Rainy Day & Indoor Activities for Kids,,"The 3–5 band of this printable busy book has 29 activities: mazes from easy to tricky, patterns, counting, rhymes and first-next-last stories. Quiet table play for rainy afternoons, with a talk line on every page. Color and low-ink, US Letter and A4.",{{ETSY_LISTING_URL:toddler-busy-book}},2026-11-01T18:15:00Z,"toddler busy book, busy binder printable, toddler activities"
How to start a toddler picture schedule in 4 easy steps,{{PIN_MEDIA_BASE_URL}}/routine-06.jpg,Toddler Routine & Picture Schedule,,"Start small: print just the few cards you use today, laminate them or slip them into a pocket, put them on a chart in order and move each one to “All done” as you go. From our printable visual routine cards for ages 0–5.",{{ETSY_LISTING_URL:visual-routine-cards-0-5}},2026-11-02T01:15:00Z,"toddler routine, picture schedule, routine cards"
"Play ideas by age: 0–1, 1–2, 2–3 and 3–5 years",{{PIN_MEDIA_BASE_URL}}/plays-06.jpg,Baby Play Ideas (0–12 Months),,"Find plays for your child’s age fast: four color-coded chapters for 0–1, 1–2, 2–3 and 3–5 years, each with an at-a-glance page and a play-basket list. Every play shows its starting age in months. 100 Screen-Free Plays, printable PDF in color and low-ink.",{{ETSY_LISTING_URL:guide-100-plays}},2026-11-02T13:15:00Z,"screen free activities, toddler activities, baby play ideas"
Pot-and-Spoon Band: an “I’m bored” play for toddlers,{{PIN_MEDIA_BASE_URL}}/bored-06.jpg,Talk While You Play,,"Turn two big pots upside down, grab two wooden spoons and drum loud, soft, fast and slow, taking turns copying each other’s beat. “Loud or quiet? Your turn!” One of 76 printable “I’m bored” play cards for ages 1–5.",{{ETSY_LISTING_URL:bored-play-cards-ages-1-5}},2026-11-02T18:15:00Z,"i am bored jar, toddler activities, indoor activities"
Cup Tower Crash: a 5-minute play with plastic cups,{{PIN_MEDIA_BASE_URL}}/free-07.jpg,Screen-Free Play Ideas for Toddlers,,"Stack plastic cups, count down together “3, 2, 1…” and crash! A screen-free play for ages 0–5 that turns the pause before the crash into a turn for your child. Cups too big to fit through a toilet-paper tube. One of five plays in a free printable (email sign-up).",https://playbeforepixels.com/free/?src=pin,2026-11-03T01:15:00Z,"free printable, toddler activities, baby play ideas"
Busy book pieces sized for little hands (2 in or bigger),{{PIN_MEDIA_BASE_URL}}/busy-07.jpg,Toddler Busy Book Ideas,,"Every cut piece in this printable toddler busy book is 2 in (5.1 cm) or bigger, and 2.5 in for ages 1–2, larger than a toilet-paper tube. Straight cuts, 12 pieces or fewer per sheet, no velcro under 3. Every play follows our published safety rules.",{{ETSY_LISTING_URL:toddler-busy-book}},2026-11-03T13:15:00Z,"toddler busy book, busy binder printable, toddler activities"
Window Walk: a rainy-day play you can start right now,{{PIN_MEDIA_BASE_URL}}/free-08.jpg,Rainy Day & Indoor Activities for Kids,,"Stand at a window together and say what you see: a tree, a car, a bird. Then wait and name what your child is looking at. A no-prep indoor play for ages 0–5, with closed, locked windows and a grown-up doing any lifting. Free printable with email sign-up.",https://playbeforepixels.com/free/?src=pin,2026-11-03T18:15:00Z,"free printable, toddler activities, baby play ideas"
The pause before the crash: a talk-and-play idea for toddlers,{{PIN_MEDIA_BASE_URL}}/free-09.jpg,Talk While You Play,,"Build a cup tower and stop before the crash: “Up, up, up… (wait)”. Your child gets a turn to join in with a look, a sound or a word. A free play idea for ages 0–5 from our Five 5-Minute Plays printable. Free with email sign-up.",https://playbeforepixels.com/free/?src=pin,2026-11-04T13:15:00Z,"free printable, toddler activities, baby play ideas"
"1-minute plays for tired grown-ups (free printable, ages 0–5)",{{PIN_MEDIA_BASE_URL}}/free-10.jpg,Family Screen Time Plan & Play-First Ideas,,"No energy left? Every play in our free Five 5-Minute Plays printable has a 1-minute version: three taps on a pot, one cup tower, one peekaboo. Small plays still count. Free printable for ages 0–5 with email sign-up.",https://playbeforepixels.com/free/?src=pin,2026-11-05T13:15:00Z,"free printable, toddler activities, baby play ideas"
Free printable: 5 no-prep plays for babies and toddlers,{{PIN_MEDIA_BASE_URL}}/free-11.jpg,Free Printables for Parents of Little Kids,,"Five screen-free plays with zero prep and nothing to buy, each about five minutes long, for ages 0–5. With a talk line, a 1-minute version and a safety line on every play. Color and low-ink, US Letter and A4. Free with email sign-up; we never ask for a child’s name.",https://playbeforepixels.com/free/?src=pin,2026-11-06T13:15:00Z,"free printable, toddler activities, baby play ideas"
Free printable play pages in color and low-ink (Letter + A4),{{PIN_MEDIA_BASE_URL}}/free-12.jpg,Free Printables for Parents of Little Kids,,"Our free Five 5-Minute Plays printable comes in color and low-ink files, in US Letter and A4, so it prints well at home. Sign up with an email (grown-ups only). The birth month and year of your child is optional, and we never ask for a name.",https://playbeforepixels.com/free/?src=pin,2026-11-07T13:15:00Z,"free printable, toddler activities, baby play ideas"
