order,pin_id,image_file,publish_date_local,publish_time_local,time_zone,publish_utc,board,destination,link,requires_live_listing,earliest_date,stop_after,title,description,alt_text
1,free-01,png/free-01.jpg,2026-10-16,08:15,America/New_York,2026-10-16T12:15:00Z,Free Printables for Parents of Little Kids,Free printable landing page (email sign-up; Five 5-Minute Plays),https://playbeforepixels.com/free/?src=pin,yes: hold until the landing page is live,2026-10-16,,Five 5-Minute Plays: a free printable for ages 0–5,"A free printable with five little plays for babies, toddlers and little kids, using a blanket, a pot, some cups, a window and a sock. Each play grows with your child from birth to five, with a talk line and a safety line. Color and low-ink, US Letter and A4. Free with email sign-up (grown-ups only).","Cover of the free printable Five 5-Minute Plays with a grown-up and child playing with a pot and spoon, and chips reading 0 things to buy, 0 minutes prep and color plus low-ink, above a line reading free with email sign-up, grown-ups only."
2,busy-01,png/busy-01.jpg,2026-10-16,13:15,America/New_York,2026-10-16T17:15:00Z,Toddler Busy Book Ideas,Etsy: 74 Toddler Busy Book Activities,{{ETSY_LISTING_URL:toddler-busy-book}},yes: hold until the Etsy listing is live and the placeholder is replaced,2026-10-16,,"74 toddler busy book activities, sorted by age (printable)","A printable toddler busy book with 74 activities in three age bands: 1–2, 2–3 and 3–5 years. First words, animal sounds, matching, colors, shapes, pretend play and mazes, with a talk line, an easier and a harder idea and a 2-minute version on every page. Color and low-ink, US Letter and A4.","Cover of the printable Toddler Busy Book with a smiling toddler and grown-up and piece cards showing a duck, an apple, a star and a ball."
3,gift-01,png/gift-01.jpg,2026-10-16,20:15,America/New_York,2026-10-17T00:15:00Z,Toddler Gift Ideas: Printable & Instant,Etsy: Ages 1–5 Instant Gift Bundle,{{ETSY_LISTING_URL:bundle-gift-1-5}},yes: hold until the Etsy listing is live and the placeholder is replaced,2026-10-16,,Instant gift for toddlers: 4 printable play sets + play coupons,"A last-minute gift for a toddler or little kid that arrives in seconds: a printable busy book, a family kit, “I’m bored” play cards, 52 play & talk cards and a free book of play coupons, for ages 1–5. Includes a fold card and reveal cards. Instant download, nothing ships.",Cover of the Ages 1–5 Instant Gift Bundle with a child and grown-up beside a gift box and the four play sets listed below.
4,routine-01,png/routine-01.jpg,2026-10-17,08:15,America/New_York,2026-10-17T12:15:00Z,Toddler Routine & Picture Schedule,"Etsy: 181 Visual Routine Cards, ages 0–5",{{ETSY_LISTING_URL:visual-routine-cards-0-5}},yes: hold until the Etsy listing is live and the placeholder is replaced,2026-10-16,,181 visual routine cards for ages 0–5 (toddler picture schedule),"A printable toddler picture schedule: 181 routine cards for mornings, meals, play, outings and bedtime, with charts to put them in order and type-in blanks. Two copies of the busiest cards, word-free versions and blank cards. Color and low-ink, US Letter and A4.","Cover of 181 Visual Routine Cards showing picture cards for brush teeth, blocks, sleep and play first."
5,plays-01,png/plays-01.jpg,2026-10-17,13:15,America/New_York,2026-10-17T17:15:00Z,Screen-Free Play Ideas for Toddlers,Etsy: 100 Screen-Free Plays PDF,{{ETSY_LISTING_URL:guide-100-plays}},yes: hold until the Etsy listing is live and the placeholder is replaced,2026-10-16,,"100 screen-free plays for ages 0–5, sorted by age (printable PDF)","100 easy screen-free plays for babies, toddlers and little kids in four age bands. Every play shows its starting age in months, prep, mess and play time, an easier and a harder idea, a talk line and a safety note. 89 plays need nothing to buy. Color and low-ink PDF.",Cover of 100 Screen-Free Plays for Ages 0–5 with four age chips and the Play Before Pixels logo.
6,bored-01,png/bored-01.jpg,2026-10-17,20:15,America/New_York,2026-10-18T00:15:00Z,I’m Bored Ideas for Kids 1–5,"Etsy: 76 “I’m Bored” Play Cards, ages 1–5",{{ETSY_LISTING_URL:bored-play-cards-ages-1-5}},yes: hold until the Etsy listing is live and the placeholder is replaced,2026-10-16,,76 “I’m bored” jar cards for toddlers and kids 1–5 (printable),"A printable “I’m bored” jar for ages 1–5: 76 play cards in two age bands (1–3 and 3–5), with a talk line, what you need and a safety line on each. Jar labels, card backs, blank cards and a weekly play plan. Color and low-ink, US Letter and A4.",Cover of I’m Bored Play Cards with a jar of cards and a child and grown-up.
7,free-02,png/free-02.jpg,2026-10-18,08:15,America/New_York,2026-10-18T12:15:00Z,Screen-Free Play Ideas for Toddlers,Free printable landing page (email sign-up; Five 5-Minute Plays),https://playbeforepixels.com/free/?src=pin,yes: hold until the landing page is live,2026-10-16,,"5 no-prep plays with things you already have (free printable, ages 0–5)","Peekaboo with a blanket, a pots-and-spoons band, a cup tower to crash, a window walk and a sock friend who says hello. Five screen-free plays that need nothing new and about five minutes each, with ideas for every age from birth to five. Get the free printable with an email sign-up.","A list of five no-prep plays and what each needs: Peekaboo Blanket, Pots-and-Spoons Band, Cup Tower Crash, Window Walk and Sock Friend Says Hello."
8,busy-02,png/busy-02.jpg,2026-10-18,13:15,America/New_York,2026-10-18T17:15:00Z,Toddler Busy Book Ideas,Etsy: 74 Toddler Busy Book Activities,{{ETSY_LISTING_URL:toddler-busy-book}},yes: hold until the Etsy listing is live and the placeholder is replaced,2026-10-16,,49 no-cut busy book pages for toddlers (print and play today),"49 of the 74 activities in this printable toddler busy book need no cutting at all, so you can print and play the same day. First words, “who says moo?”, where’s your nose, uh-oh and more, each with a talk line and a safety note. Ages 1–5, color and low-ink.","Four no-cut busy book pages: first words ball, who says moo, where’s your nose and uh-oh."
9,gift-02,png/gift-02.jpg,2026-10-18,20:15,America/New_York,2026-10-19T00:15:00Z,Toddler Gift Ideas: Printable & Instant,Etsy: Ages 1–5 Instant Gift Bundle,{{ETSY_LISTING_URL:bundle-gift-1-5}},yes: hold until the Etsy listing is live and the placeholder is replaced,2026-10-16,,Printable gift reveal cards for a toddler gift (instant download),"Giving a printable? Print the fold card to write your message and a “Surprise! Inside is…” card that lists every play set. Part of the Ages 1–5 Instant Gift Bundle: four printable play sets and play coupons, with a license that passes to the family who receives it.",The printable fold card reading A gift of play and two Inside is… reveal cards listing the four play sets.
10,routine-02,png/routine-02.jpg,2026-10-19,08:15,America/New_York,2026-10-19T12:15:00Z,Morning & Bedtime Routines for Little Kids,"Etsy: 181 Visual Routine Cards, ages 0–5",{{ETSY_LISTING_URL:visual-routine-cards-0-5}},yes: hold until the Etsy listing is live and the placeholder is replaced,2026-10-16,,Toddler morning routine cards and chart (printable),"Picture cards for a smoother morning with little ones: wake up, potty, wash face, brush teeth, get dressed, breakfast, shoes and coat on. Put them on the “Good morning!” chart and point to what comes next. Printable, ages 0–5, color and low-ink.",A page of morning routine picture cards next to a Good morning chart with numbered spaces.
11,plays-02,png/plays-02.jpg,2026-10-19,13:15,America/New_York,2026-10-19T17:15:00Z,Screen-Free Play Ideas for Toddlers,Etsy: 100 Screen-Free Plays PDF,{{ETSY_LISTING_URL:guide-100-plays}},yes: hold until the Etsy listing is live and the placeholder is replaced,2026-10-16,,5 bath-time plays for babies and toddlers,"Make bath time a play: pour and splash, sing “this is the way we wash our…”, wash the baby doll, guess float or sink and set up a pouring station. Water play is always supervised, with a grown-up in reach. From 100 Screen-Free Plays for ages 0–5.","A list of five bath-time plays with starting ages: Pour and splash from 6 months, This is the way from 1 year, Wash the baby doll from 18 months, Float or sink from 2 years and Pouring station from 3 years."
12,bored-02,png/bored-02.jpg,2026-10-19,20:15,America/New_York,2026-10-20T00:15:00Z,I’m Bored Ideas for Kids 1–5,"Etsy: 76 “I’m Bored” Play Cards, ages 1–5",{{ETSY_LISTING_URL:bored-play-cards-ages-1-5}},yes: hold until the Etsy listing is live and the placeholder is replaced,2026-10-16,,8 play ideas for bored toddlers (ages 1–3),"When a toddler says (or shows) “I’m bored”: a pot-and-spoon band, a box car ride, tower and crash, pillow mountain, bubble chase, a teddy picnic, stop-and-go dance and fill and dump. From 38 printable play cards for ages 1–3, with a grown-up within reach.","A list of eight play ideas for ages 1–3, from Pot-and-Spoon Band to Fill and Dump, each with its kind of play."
13,free-03,png/free-03.jpg,2026-10-20,08:15,America/New_York,2026-10-20T12:15:00Z,Baby Play Ideas (0–12 Months),Free printable landing page (email sign-up; Five 5-Minute Plays),https://playbeforepixels.com/free/?src=pin,yes: hold until the landing page is live,2026-10-16,,"One play, four ages: free printable play pages for 0–5","Each play in this free printable has a ladder of ideas for babies, 1-year-olds, 2-year-olds and 3–5-year-olds, so one page works for siblings too. With a talk line, a 1-minute version for tired days and a safety line. Free with email sign-up.","Two pages from the free printable: Peekaboo Blanket and Pots-and-Spoons Band, each with steps, a talk line and an age ladder from 0–1 to 3–5 years."
14,busy-03,png/busy-03.jpg,2026-10-20,13:15,America/New_York,2026-10-20T17:15:00Z,Talk While You Play,Etsy: 74 Toddler Busy Book Activities,{{ETSY_LISTING_URL:toddler-busy-book}},yes: hold until the Etsy listing is live and the placeholder is replaced,2026-10-16,,Repeat and add one word: a first-words busy book page,"On the “ball” page, point, say the word and add one more: “Ball! Big ball. Roll, ball!” Every page of this printable toddler busy book has a talk line, an easier and a harder idea and a 2-minute version. 74 activities for ages 1–5.","A big talk line reading “Ball! Big ball. Roll, ball!” above the first-words ball page from the Toddler Busy Book."
15,gift-03,png/gift-03.jpg,2026-10-20,20:15,America/New_York,2026-10-21T00:15:00Z,Toddler Gift Ideas: Printable & Instant,Etsy: Ages 1–5 Instant Gift Bundle,{{ETSY_LISTING_URL:bundle-gift-1-5}},yes: hold until the Etsy listing is live and the placeholder is replaced,2026-10-16,,What’s inside a printable play gift for ages 1–5,"One instant download with four printable play sets for ages 1–5: a 74-activity toddler busy book, the Play-First Family Kit pages for ages 2–5, 76 “I’m bored” play cards and 52 play & talk cards, plus free play coupons. Every set in color and low-ink, US Letter and A4.","The covers of four printable play sets in a grid: Toddler Busy Book, Play-First Family Kit, I’m Bored Play Cards and 52 Play and Talk Cards."
16,routine-03,png/routine-03.jpg,2026-10-21,08:15,America/New_York,2026-10-21T12:15:00Z,Morning & Bedtime Routines for Little Kids,"Etsy: 181 Visual Routine Cards, ages 0–5",{{ETSY_LISTING_URL:visual-routine-cards-0-5}},yes: hold until the Etsy listing is live and the placeholder is replaced,2026-10-16,,Toddler bedtime routine cards and chart (printable),"A calmer wind-down with picture cards for bath time, pajamas, brush teeth, books, cuddle, lullaby and lights off, plus a “Good night” chart. Part of 181 printable routine cards for ages 0–5 with type-in blanks and word-free versions.","Two pages of bath and bedtime picture cards such as bath time, pajamas, brush teeth, lullaby, night light, lights off and sleep."
17,plays-03,png/plays-03.jpg,2026-10-21,13:15,America/New_York,2026-10-21T17:15:00Z,Rainy Day & Indoor Activities for Kids,Etsy: 100 Screen-Free Plays PDF,{{ETSY_LISTING_URL:guide-100-plays}},yes: hold until the Etsy listing is live and the placeholder is replaced,2026-10-16,,Kitchen plays for babies and toddlers while you cook,"Plays for the kitchen while you cook: a kitchen dance party, a pots-and-lids band, pretend soup and a little salad helper. Every play has its own safety note. From 100 Screen-Free Plays for ages 0–5.","A list of five kitchen plays with starting ages, from Kitchen dance party at birth to Salad helper from 2 years."
18,bored-03,png/bored-03.jpg,2026-10-21,20:15,America/New_York,2026-10-22T00:15:00Z,Rainy Day & Indoor Activities for Kids,"Etsy: 76 “I’m Bored” Play Cards, ages 1–5",{{ETSY_LISTING_URL:bored-play-cards-ages-1-5}},yes: hold until the Etsy listing is live and the placeholder is replaced,2026-10-16,,8 indoor play ideas for 3–5-year-olds on a rainy day,"Rainy-day ideas for ages 3–5: build a cushion fort, play the floor is lava, open a pretend café, tape a road for toy cars, tell a story from a bag, run a toy vet, test sink or float and start a kitchen band. From 38 printable “I’m bored” cards for ages 3–5.","A list of eight indoor plays for ages 3–5, from Cushion Fort to Kitchen Band, each with its kind of play."
19,kit-01,png/kit-01.jpg,2026-10-22,08:15,America/New_York,2026-10-22T12:15:00Z,Family Screen Time Plan & Play-First Ideas,"Etsy: Play-First Family Kit, ages 2–5 (week 2)",{{ETSY_LISTING_URL:play-first-family-kit-ages-2-5}},yes: hold until the Etsy listing is live and the placeholder is replaced,2026-10-22,,Play-First Family Kit for ages 2–5: 9 printable tools,"A no-guilt family plan for ages 2–5: a picture checklist, little helping jobs, family play rules, a play and screen plan and a 30-day play tracker. Play and time together come first, and screens keep a steady spot in the day. Color and low-ink, US Letter and A4.",Cover of the Play-First Family Kit with a grown-up and two children playing and a tablet resting on a shelf.
20,talk-01,png/talk-01.jpg,2026-10-22,13:15,America/New_York,2026-10-22T17:15:00Z,Talk While You Play,Etsy: 52 Play & Talk Cards (week 2),{{ETSY_LISTING_URL:play-talk-cards}},yes: hold until the Etsy listing is live and the placeholder is replaced,2026-10-22,,52 printable play & talk cards for babies and toddlers (0–5),"52 printable play cards for ages 0–5, one for every week of the year. Each card has a simple play, what you need, a talk tip and a safety line, sorted into four age bands. Print, cut and keep them in a box. Color and low-ink, US Letter and A4.",Cover of 52 Play and Talk Cards with a child and grown-up and fanned play cards.
21,starter-01,png/starter-01.jpg,2026-10-22,20:15,America/New_York,2026-10-23T00:15:00Z,Toddler Routine & Picture Schedule,Etsy: 60 Routine Cards Starter (week 2),{{ETSY_LISTING_URL:visual-routine-cards-starter}},yes: hold until the Etsy listing is live and the placeholder is replaced,2026-10-22,,60 visual routine cards for toddlers: a printable starter set,"A small, simple start: 60 picture routine cards for the moments that matter most (morning, meals, play, outings and bedtime) and 3 charts to put them on. Editable blanks, color and low-ink, US Letter and A4.","Cover of the 60 Visual Routine Cards starter set with cards for brush teeth, blocks, sleep and play first."
22,kit-02,png/kit-02.jpg,2026-10-23,08:15,America/New_York,2026-10-23T12:15:00Z,Family Screen Time Plan & Play-First Ideas,"Etsy: Play-First Family Kit, ages 2–5 (week 2)",{{ETSY_LISTING_URL:play-first-family-kit-ages-2-5}},yes: hold until the Etsy listing is live and the placeholder is replaced,2026-10-22,,"Toddler picture checklist: jobs, play together, then screens","A picture checklist for ages 2–5: get dressed, brush teeth, tidy toys and a helping job, then play outside, read and play together. Screens have a fixed spot in the day and are never a prize. Printable and type-in, in four colors.","A picture checklist with rows for jobs, playing together and the screen spot, beside the Play-First Board with three steps: jobs, together time, screens."
23,talk-02,png/talk-02.jpg,2026-10-23,13:15,America/New_York,2026-10-23T17:15:00Z,Talk While You Play,Etsy: 52 Play & Talk Cards (week 2),{{ETSY_LISTING_URL:play-talk-cards}},yes: hold until the Etsy listing is live and the placeholder is replaced,2026-10-22,,6 easy ways to talk with your baby or toddler while you play,"Pause and wait, say what you see, repeat and add one word, offer a choice, follow their lead, sing and gesture. Easy talk moves for everyday play with babies and toddlers, in the language you know best. Each of our 52 printable play cards uses one.","A list of six talk moves: pause and wait, say what you see, repeat and add one, offer a choice, follow their lead, sing and gesture."
24,starter-02,png/starter-02.jpg,2026-10-23,20:15,America/New_York,2026-10-24T00:15:00Z,Morning & Bedtime Routines for Little Kids,Etsy: 60 Routine Cards Starter (week 2),{{ETSY_LISTING_URL:visual-routine-cards-starter}},yes: hold until the Etsy listing is live and the placeholder is replaced,2026-10-22,,Simple toddler morning chart with picture cards,"Put the morning in pictures: wake up, potty, wash face, brush teeth, get dressed, coat and shoes on, then a goodbye hug. Picture cards and a “Good morning!” chart from our 60-card printable routine starter set.",A page of morning picture cards beside a Good morning chart with numbered spaces.
25,kit-03,png/kit-03.jpg,2026-10-24,08:15,America/New_York,2026-10-24T12:15:00Z,Family Screen Time Plan & Play-First Ideas,"Etsy: Play-First Family Kit, ages 2–5 (week 2)",{{ETSY_LISTING_URL:play-first-family-kit-ages-2-5}},yes: hold until the Etsy listing is live and the placeholder is replaced,2026-10-22,,Helping jobs for 2–5-year-olds (printable picture cards),"Little jobs that little kids love: feed the pet, water the plants, match the socks, set the table, wipe a spill and carry a light bag. Picture cards and a blank chart to fill in your own. From the printable Play-First Family Kit for ages 2–5.",A page of helping-job picture cards next to a blank Our helping jobs chart.
26,talk-03,png/talk-03.jpg,2026-10-24,13:15,America/New_York,2026-10-24T17:15:00Z,Baby Play Ideas (0–12 Months),Etsy: 52 Play & Talk Cards (week 2),{{ETSY_LISTING_URL:play-talk-cards}},yes: hold until the Etsy listing is live and the placeholder is replaced,2026-10-22,,"Baby play ideas for 0–12 months, with a talk tip for each","Easy plays for a baby’s first year: copy cat faces, rock and stop, peekaboo with a cloth, a kitchen drum, bubble watching and roll it back. Each card has a talk tip and a safety line. From 52 printable Play & Talk Cards for ages 0–5.","A list of six baby plays with starting ages, from Copy Cat Faces at birth to Roll It Back from 7 months."
27,starter-03,png/starter-03.jpg,2026-10-24,20:15,America/New_York,2026-10-25T00:15:00Z,Morning & Bedtime Routines for Little Kids,Etsy: 60 Routine Cards Starter (week 2),{{ETSY_LISTING_URL:visual-routine-cards-starter}},yes: hold until the Etsy listing is live and the placeholder is replaced,2026-10-22,,Bedtime and play picture cards for toddlers (starter set),"Bedtime and play picture cards for little kids: bath, towel dry, pajamas, brush teeth, lullaby, cuddle and lights off, plus play cards for the park, drawing and blocks. From a 60-card printable routine starter set.",A page of bedtime picture cards next to a page of play and outing cards.
28,free-04,png/free-04.jpg,2026-10-25,08:15,America/New_York,2026-10-25T12:15:00Z,Talk While You Play,Free printable landing page (email sign-up; Five 5-Minute Plays),https://playbeforepixels.com/free/?src=pin,yes: hold until the landing page is live,2026-10-16,,Sock Friend Says Hello: a free talk-and-play idea for ages 0–5,"Put a clean sock on your hand and let your sock friend say hello, then wait for any answer: a look, a sound or a word. One of five free plays for ages 0–5, each with a talk line. Talk in the language you know best. Free printable with email sign-up.",A big talk line reading “Hello! (wait) What’s your name?” above the Sock Friend Says Hello page from the free printable.
29,busy-04,png/busy-04.jpg,2026-10-25,13:15,America/New_York,2026-10-25T17:15:00Z,Toddler Busy Book Ideas,Etsy: 74 Toddler Busy Book Activities,{{ETSY_LISTING_URL:toddler-busy-book}},yes: hold until the Etsy listing is live and the placeholder is replaced,2026-10-16,,"Pretend play busy book pages: pizza shop, teddy’s lunch and more","Pretend play pages from a printable toddler busy book: make lunch for Teddy, dress for the weather and run a pizza shop. Big straight-cut pieces, 12 or fewer per sheet, and “grown-up keeps the pieces” on every piece sheet. 74 activities for ages 1–5.","Three pretend-play busy book pages: Lunch for Teddy, Dress for the weather and Pizza shop."
30,gift-04,png/gift-04.jpg,2026-10-25,20:15,America/New_York,2026-10-26T00:15:00Z,Toddler Gift Ideas: Printable & Instant,Etsy: Ages 1–5 Instant Gift Bundle,{{ETSY_LISTING_URL:bundle-gift-1-5}},yes: hold until the Etsy listing is live and the placeholder is replaced,2026-10-16,,Toddler gift idea: one download with 4 play sets and 16 play coupons,"Need a toddler gift that does not add clutter? This instant download has 74 busy book activities, 76 “I’m bored” cards, 52 play & talk cards, family kit pages for ages 2–5 and 16 play coupons. Print at home or at a copy shop. Nothing ships.","A list of what is inside the gift bundle: 74 busy book activities, 76 I’m bored cards, 52 play and talk cards, family kit pages and 16 play coupons."
31,winter-01,png/winter-01.jpg,2026-10-26,08:15,America/New_York,2026-10-26T12:15:00Z,Winter Activities for Toddlers,Etsy: 24 Days of Play Winter Countdown (listed by Oct 25; deactivated Dec 5),{{ETSY_LISTING_URL:winter-countdown}},yes: hold until the Etsy listing is live and the placeholder is replaced,2026-10-26,2026-11-30,24 Days of Play: a printable winter countdown for ages 2–5,"A secular winter countdown with one play a day for ages 2–5: paper snowballs, penguin waddles, a pretend cocoa café, a flashlight shadow show and more. Tags for 24 envelopes, bags or jars, a countdown board and a certificate. Color and low-ink, US Letter and A4.",Cover of 24 Days of Play: Winter Countdown with a child in a hat and scarf and a snow friend.
32,routine-04,png/routine-04.jpg,2026-10-26,13:15,America/New_York,2026-10-26T17:15:00Z,Toddler Routine & Picture Schedule,"Etsy: 181 Visual Routine Cards, ages 0–5",{{ETSY_LISTING_URL:visual-routine-cards-0-5}},yes: hold until the Etsy listing is live and the placeholder is replaced,2026-10-16,,Printable daily routine charts for toddlers and little kids,"Put your picture cards in order on a daily chart, a morning chart, a bedtime chart or a steps strip, then move each card to the “All done” pocket. Printable and editable, in color and low-ink, US Letter and A4, for ages 0–5.","Four routine charts in a grid: a Today is day planner, a Good morning chart, a Good night chart and an All done pocket page."
33,plays-04,png/plays-04.jpg,2026-10-26,20:15,America/New_York,2026-10-27T00:15:00Z,Family Screen Time Plan & Play-First Ideas,Etsy: 100 Screen-Free Plays PDF,{{ETSY_LISTING_URL:guide-100-plays}},yes: hold until the Etsy listing is live and the placeholder is replaced,2026-10-16,,Low-energy plays you can do from the couch (ages 0–5),"For the days you have nothing left: chest chat, couch peekaboo, pat-a-cake, “I’m a mountain” and a ceiling story. Two-minute plays you can do sitting or lying down. 100 Screen-Free Plays has 12 of them, plus 100 more plays sorted by age.","A list of five couch plays for tired grown-ups with starting ages, from Chest chat at birth to Ceiling story from 3 years."
34,winter-02,png/winter-02.jpg,2026-10-27,08:15,America/New_York,2026-10-27T12:15:00Z,Winter Activities for Toddlers,Etsy: 24 Days of Play Winter Countdown (listed by Oct 25; deactivated Dec 5),{{ETSY_LISTING_URL:winter-countdown}},yes: hold until the Etsy listing is live and the placeholder is replaced,2026-10-26,2026-11-30,Cozy indoor winter activities for toddlers and little kids,"Winter play for the days you stay in: a paper snowball toss, a penguin waddle, a pretend cocoa café, foggy window drawing, a flashlight shadow show and a cozy book nest. Ages 2–5, from our printable 24 Days of Play winter countdown.","A list of six indoor winter plays with starting ages, such as Paper Snowball Toss from 2 years and Flashlight Shadow Show from 30 months."
35,bored-04,png/bored-04.jpg,2026-10-27,13:15,America/New_York,2026-10-27T17:15:00Z,I’m Bored Ideas for Kids 1–5,"Etsy: 76 “I’m Bored” Play Cards, ages 1–5",{{ETSY_LISTING_URL:bored-play-cards-ages-1-5}},yes: hold until the Etsy listing is live and the placeholder is replaced,2026-10-16,,How to make an “I’m bored” jar for toddlers (printable labels),"Print the cards, cut on the straight lines, add a round jar label or a wrap label and fill the jar. Pull one card when someone is bored and play it together. 76 cards for ages 1–5 with printable jar labels and card backs.",Round I’m bored jar labels in four colors beside a sheet of yellow card backs.
36,kit-04,png/kit-04.jpg,2026-10-27,20:15,America/New_York,2026-10-28T00:15:00Z,Family Screen Time Plan & Play-First Ideas,"Etsy: Play-First Family Kit, ages 2–5 (week 2)",{{ETSY_LISTING_URL:play-first-family-kit-ages-2-5}},yes: hold until the Etsy listing is live and the placeholder is replaced,2026-10-22,,Printable family play rules poster (filled-in and blank),"A family rules poster that adds play instead of taking things away: we play first, meals are for being together, screens have a spot in our day, grown-ups play too. Use the filled-in poster or write your own. From the Play-First Family Kit, ages 2–5.",The Our Family Play Rules poster with six illustrated rules beside a blank version.
37,winter-03,png/winter-03.jpg,2026-10-28,08:15,America/New_York,2026-10-28T12:15:00Z,Winter Activities for Toddlers,Etsy: 24 Days of Play Winter Countdown (listed by Oct 25; deactivated Dec 5),{{ETSY_LISTING_URL:winter-countdown}},yes: hold until the Etsy listing is live and the placeholder is replaced,2026-10-26,2026-11-30,"A play-a-day winter countdown with envelopes, bags or jars","Print the day tags, tape one on each envelope, bag or jar with that day’s play card inside, and color in the countdown board as you go. A secular winter countdown for ages 2–5 with 24 low-prep plays. Printable, color and low-ink.",Numbered day tags from 1 to 12 beside the winter countdown board with play icons.
38,talk-04,png/talk-04.jpg,2026-10-28,13:15,America/New_York,2026-10-28T17:15:00Z,Baby Play Ideas (0–12 Months),Etsy: 52 Play & Talk Cards (week 2),{{ETSY_LISTING_URL:play-talk-cards}},yes: hold until the Etsy listing is live and the placeholder is replaced,2026-10-22,,Peekaboo with a pause: a baby talk-and-play tip,"Hide behind a dish towel, then pause before “boo”. A kick, a grin or a squeal is your baby’s turn in the conversation. Put the towel away after play and never leave it in the crib. One of 52 printable Play & Talk Cards for ages 0–5.",A big tip reading “Pause before ‘boo’” above the 0–1 year card page from Play and Talk Cards.
39,free-05,png/free-05.jpg,2026-10-28,20:15,America/New_York,2026-10-29T00:15:00Z,Rainy Day & Indoor Activities for Kids,Free printable landing page (email sign-up; Five 5-Minute Plays),https://playbeforepixels.com/free/?src=pin,yes: hold until the landing page is live,2026-10-16,,Pots-and-Spoons Band: a no-prep indoor play for ages 0–5,"Turn a pot upside down, tap loud, then soft, and take turns copying each other. A cozy indoor play for rainy days with ideas for babies up to 5-year-olds, plus a 1-minute version. Cool, empty pots away from the stove. Part of a free printable (email sign-up).","The Pots-and-Spoons Band page with steps, a talk line “Loud! … quiet” and ideas for four age bands."
40,winter-04,png/winter-04.jpg,2026-10-29,08:15,America/New_York,2026-10-29T12:15:00Z,Winter Activities for Toddlers,Etsy: 24 Days of Play Winter Countdown (listed by Oct 25; deactivated Dec 5),{{ETSY_LISTING_URL:winter-countdown}},yes: hold until the Etsy listing is live and the placeholder is replaced,2026-10-26,2026-11-30,24 low-prep winter play ideas for ages 2–5 (printable cards),"Every winter play card shows what you need, prep and play time, a talk line, an easier and a harder idea and a 2-minute version for tired days. 24 plays for ages 2–5, most with things you already have. Printable winter countdown.",Four pages of winter play cards in a grid with plays such as Paper Snowball Toss and Mitten Match.
41,busy-05,png/busy-05.jpg,2026-10-29,13:15,America/New_York,2026-10-29T17:15:00Z,Toddler Busy Book Ideas,Etsy: 74 Toddler Busy Book Activities,{{ETSY_LISTING_URL:toddler-busy-book}},yes: hold until the Etsy listing is live and the placeholder is replaced,2026-10-16,,Toddler busy binder covers in 4 colors (type-in printable),"Make a busy binder that feels like theirs: four binder covers in tomato, blue, green and purple that you can type into in a free PDF reader, plus spine and pouch labels. Part of a printable toddler busy book with 74 activities for ages 1–5.","Four busy book binder covers in red, blue, green and purple with play icons and a name line."
42,gift-05,png/gift-05.jpg,2026-10-29,20:15,America/New_York,2026-10-30T00:15:00Z,Toddler Gift Ideas: Printable & Instant,Etsy: Ages 1–5 Instant Gift Bundle,{{ETSY_LISTING_URL:bundle-gift-1-5}},yes: hold until the Etsy listing is live and the placeholder is replaced,2026-10-16,,A long-distance toddler gift: printable play sets you can send,"For grandparents, aunts, uncles and friends far away: an instant-download gift of printable play sets for ages 1–5 with play coupons. Forward the download and the personal license passes to the family who receives it. No shipping, no wrapping.",The play coupons cover and the gift bundle’s what’s-inside page.
43,routine-05,png/routine-05.jpg,2026-10-30,08:15,America/New_York,2026-10-30T12:15:00Z,Talk While You Play,"Etsy: 181 Visual Routine Cards, ages 0–5",{{ETSY_LISTING_URL:visual-routine-cards-0-5}},yes: hold until the Etsy listing is live and the placeholder is replaced,2026-10-16,,Feelings picture cards for toddlers (printable),"Picture cards for everyday feelings like happy, sad, mad, tired, calm and proud, with a varied cast of faces. Point and name the feeling together. Part of 181 printable visual routine cards for ages 0–5.","Two pages of feelings picture cards with friendly illustrated faces labeled happy, sad, mad, calm, tired and proud."
44,plays-05,png/plays-05.jpg,2026-10-30,13:15,America/New_York,2026-10-30T17:15:00Z,Screen-Free Play Ideas for Toddlers,Etsy: 100 Screen-Free Plays PDF,{{ETSY_LISTING_URL:guide-100-plays}},yes: hold until the Etsy listing is live and the placeholder is replaced,2026-10-16,,Screen-free plays for waiting rooms and car rides,"Nothing to pack: row, row, stop, animal sounds, a pretend phone call, finish the rhyme and I spy colors. No-prep plays for waiting rooms, lines and car rides with babies and toddlers. From 100 Screen-Free Plays for ages 0–5.","A list of five waiting and car plays with starting ages, from Row, row, stop at 6 months to I spy colors from 3 years."
45,bored-05,png/bored-05.jpg,2026-10-30,20:15,America/New_York,2026-10-31T00:15:00Z,I’m Bored Ideas for Kids 1–5,"Etsy: 76 “I’m Bored” Play Cards, ages 1–5",{{ETSY_LISTING_URL:bored-play-cards-ages-1-5}},yes: hold until the Etsy listing is live and the placeholder is replaced,2026-10-16,,Printable play cards for ages 1–5 with a talk line on every card,"Every card shows the play, what you need, a “talk about it” line, an age label and a safety line, color-coded for ages 1–3 and 3–5 with a word label too. 76 printable “I’m bored” cards in color and low-ink, US Letter and A4.","Four sheets of printable play cards in a grid, yellow cards for ages 1–3 and green cards for ages 3–5."
46,kit-05,png/kit-05.jpg,2026-10-31,08:15,America/New_York,2026-10-31T12:15:00Z,Screen-Free Play Ideas for Toddlers,"Etsy: Play-First Family Kit, ages 2–5 (week 2)",{{ETSY_LISTING_URL:play-first-family-kit-ages-2-5}},yes: hold until the Etsy listing is live and the placeholder is replaced,2026-10-22,,30 days of screen-free play ideas for ages 2–5 (printable tracker),"A month of easy plays for ages 2–5, one a day, with a tracker to color in as you go. From the printable Play-First Family Kit with picture checklists, helping jobs and family play rules.",The 30 Days of Play First tracker with small play icons beside a page listing the 30 plays.
47,talk-05,png/talk-05.jpg,2026-10-31,13:15,America/New_York,2026-10-31T17:15:00Z,Talk While You Play,Etsy: 52 Play & Talk Cards (week 2),{{ETSY_LISTING_URL:play-talk-cards}},yes: hold until the Etsy listing is live and the placeholder is replaced,2026-10-22,,A year of play: 52 printable cards for ages 0–5,"Pick one card a week and play it all week long. 52 printable play cards in four age bands (0–1, 1–2, 2–3, 3–5), each with a color and a word label, a talk tip and a safety line. Cut-out card sheets and no-cut pages. Color and low-ink.","Four sheets of printable play cards in blue, green, yellow and red age bands."
48,winter-05,png/winter-05.jpg,2026-10-31,20:15,America/New_York,2026-11-01T00:15:00Z,Winter Activities for Toddlers,Etsy: 24 Days of Play Winter Countdown (listed by Oct 25; deactivated Dec 5),{{ETSY_LISTING_URL:winter-countdown}},yes: hold until the Etsy listing is live and the placeholder is replaced,2026-10-26,2026-11-30,Winter play certificate for little kids (printable),"Finish the countdown with a certificate: “We played our way through winter!” with a snowflake to color for every play you did together. Part of 24 Days of Play, a printable secular winter countdown for ages 2–5.",A certificate reading We played our way through winter! with a family and a snow friend.
49,free-06,png/free-06.jpg,2026-11-01,08:15,America/New_York,2026-11-01T13:15:00Z,Baby Play Ideas (0–12 Months),Free printable landing page (email sign-up; Five 5-Minute Plays),https://playbeforepixels.com/free/?src=pin,yes: hold until the landing page is live,2026-10-16,,Peekaboo Blanket: a free baby play idea (with toddler versions),"Hold up a blanket, say “Where did I go?”, wait, then “Peekaboo!” Babies love the surprise; toddlers can pull it off a toy; 3–5-year-olds can play hide-and-seek in one room. Blanket play is for awake time with you. Free printable with email sign-up.","The Peekaboo Blanket page from the free printable with three steps, a talk line and an age ladder."
50,busy-06,png/busy-06.jpg,2026-11-01,13:15,America/New_York,2026-11-01T18:15:00Z,Rainy Day & Indoor Activities for Kids,Etsy: 74 Toddler Busy Book Activities,{{ETSY_LISTING_URL:toddler-busy-book}},yes: hold until the Etsy listing is live and the placeholder is replaced,2026-10-16,,"Busy book pages for 3–5-year-olds: mazes, pairs and patterns","The 3–5 band of this printable busy book has 29 activities: mazes from easy to tricky, patterns, counting, rhymes and first-next-last stories. Quiet table play for rainy afternoons, with a talk line on every page. Color and low-ink, US Letter and A4.","Busy book pages for ages 3–5: a maze to help the dog get home, a what-comes-next pattern page and a first, next, last story page."
51,routine-06,png/routine-06.jpg,2026-11-01,20:15,America/New_York,2026-11-02T01:15:00Z,Toddler Routine & Picture Schedule,"Etsy: 181 Visual Routine Cards, ages 0–5",{{ETSY_LISTING_URL:visual-routine-cards-0-5}},yes: hold until the Etsy listing is live and the placeholder is replaced,2026-10-16,,How to start a toddler picture schedule in 4 easy steps,"Start small: print just the few cards you use today, laminate them or slip them into a pocket, put them on a chart in order and move each one to “All done” as you go. From our printable visual routine cards for ages 0–5.","Four steps to start a picture schedule: print a few cards, laminate them, put them on a chart and move each to All done."
52,plays-06,png/plays-06.jpg,2026-11-02,08:15,America/New_York,2026-11-02T13:15:00Z,Baby Play Ideas (0–12 Months),Etsy: 100 Screen-Free Plays PDF,{{ETSY_LISTING_URL:guide-100-plays}},yes: hold until the Etsy listing is live and the placeholder is replaced,2026-10-16,,"Play ideas by age: 0–1, 1–2, 2–3 and 3–5 years","Find plays for your child’s age fast: four color-coded chapters for 0–1, 1–2, 2–3 and 3–5 years, each with an at-a-glance page and a play-basket list. Every play shows its starting age in months. 100 Screen-Free Plays, printable PDF in color and low-ink.",The 0–1 and 1–2 chapter openers from 100 Screen-Free Plays beside a page of baby plays.
53,bored-06,png/bored-06.jpg,2026-11-02,13:15,America/New_York,2026-11-02T18:15:00Z,Talk While You Play,"Etsy: 76 “I’m Bored” Play Cards, ages 1–5",{{ETSY_LISTING_URL:bored-play-cards-ages-1-5}},yes: hold until the Etsy listing is live and the placeholder is replaced,2026-10-16,,Pot-and-Spoon Band: an “I’m bored” play for toddlers,"Turn two big pots upside down, grab two wooden spoons and drum loud, soft, fast and slow, taking turns copying each other’s beat. “Loud or quiet? Your turn!” One of 76 printable “I’m bored” play cards for ages 1–5.",A big talk line reading “Loud or quiet? Your turn!” above a sheet of printable play cards.
54,free-07,png/free-07.jpg,2026-11-02,20:15,America/New_York,2026-11-03T01:15:00Z,Screen-Free Play Ideas for Toddlers,Free printable landing page (email sign-up; Five 5-Minute Plays),https://playbeforepixels.com/free/?src=pin,yes: hold until the landing page is live,2026-10-16,,Cup Tower Crash: a 5-minute play with plastic cups,"Stack plastic cups, count down together “3, 2, 1…” and crash! A screen-free play for ages 0–5 that turns the pause before the crash into a turn for your child. Cups too big to fit through a toilet-paper tube. One of five plays in a free printable (email sign-up).","The Cup Tower Crash page with steps, a talk line “Up, up, up… CRASH!” and ideas for four age bands."
55,busy-07,png/busy-07.jpg,2026-11-03,08:15,America/New_York,2026-11-03T13:15:00Z,Toddler Busy Book Ideas,Etsy: 74 Toddler Busy Book Activities,{{ETSY_LISTING_URL:toddler-busy-book}},yes: hold until the Etsy listing is live and the placeholder is replaced,2026-10-16,,Busy book pieces sized for little hands (2 in or bigger),"Every cut piece in this printable toddler busy book is 2 in (5.1 cm) or bigger, and 2.5 in for ages 1–2, larger than a toilet-paper tube. Straight cuts, 12 pieces or fewer per sheet, no hook-and-loop dots under 3. Every play follows our published safety rules.",A matching page with toys beside its piece sheet of large square picture cards.
56,free-08,png/free-08.jpg,2026-11-03,13:15,America/New_York,2026-11-03T18:15:00Z,Rainy Day & Indoor Activities for Kids,Free printable landing page (email sign-up; Five 5-Minute Plays),https://playbeforepixels.com/free/?src=pin,yes: hold until the landing page is live,2026-10-16,,Window Walk: a rainy-day play you can start right now,"Stand at a window together and say what you see: a tree, a car, a bird. Then wait and name what your child is looking at. A no-prep indoor play for ages 0–5, with closed, locked windows and a grown-up doing any lifting. Free printable with email sign-up.","The Window Walk page from the free printable with steps, a talk line and an age ladder."
57,free-09,png/free-09.jpg,2026-11-04,08:15,America/New_York,2026-11-04T13:15:00Z,Talk While You Play,Free printable landing page (email sign-up; Five 5-Minute Plays),https://playbeforepixels.com/free/?src=pin,yes: hold until the landing page is live,2026-10-16,,The pause before the crash: a talk-and-play idea for toddlers,"Build a cup tower and stop before the crash: “Up, up, up… (wait)”. Your child gets a turn to join in with a look, a sound or a word. A free play idea for ages 0–5 from our Five 5-Minute Plays printable. Free with email sign-up.","A big talk line reading “Up, up, up… (wait) CRASH!” above the Cup Tower Crash page."
58,free-10,png/free-10.jpg,2026-11-05,08:15,America/New_York,2026-11-05T13:15:00Z,Family Screen Time Plan & Play-First Ideas,Free printable landing page (email sign-up; Five 5-Minute Plays),https://playbeforepixels.com/free/?src=pin,yes: hold until the landing page is live,2026-10-16,,"1-minute plays for tired grown-ups (free printable, ages 0–5)","No energy left? Every play in our free Five 5-Minute Plays printable has a 1-minute version: three taps on a pot, one cup tower, one peekaboo. Small plays still count. Free printable for ages 0–5 with email sign-up.","A list of five 1-minute play versions for tired grown-ups, such as three loud taps and three soft taps on a pot."
59,free-11,png/free-11.jpg,2026-11-06,08:15,America/New_York,2026-11-06T13:15:00Z,Free Printables for Parents of Little Kids,Free printable landing page (email sign-up; Five 5-Minute Plays),https://playbeforepixels.com/free/?src=pin,yes: hold until the landing page is live,2026-10-16,,Free printable: 5 no-prep plays for babies and toddlers,"Five screen-free plays with zero prep and nothing to buy, each about five minutes long, for ages 0–5. With a talk line, a 1-minute version and a safety line on every play. Color and low-ink, US Letter and A4. Free with email sign-up; we never ask for a child’s name.","Four pages of the free printable in a grid: Peekaboo Blanket, Pots-and-Spoons Band, Cup Tower Crash and Window Walk."
60,free-12,png/free-12.jpg,2026-11-07,08:15,America/New_York,2026-11-07T13:15:00Z,Free Printables for Parents of Little Kids,Free printable landing page (email sign-up; Five 5-Minute Plays),https://playbeforepixels.com/free/?src=pin,yes: hold until the landing page is live,2026-10-16,,Free printable play pages in color and low-ink (Letter + A4),"Our free Five 5-Minute Plays printable comes in color and low-ink files, in US Letter and A4, so it prints well at home. Sign up with an email (grown-ups only). The birth month and year of your child is optional, and we never ask for a name.",The cover and the safety-rules page of the free printable Five 5-Minute Plays.
